student_id,G1,G2,failures,absences,low_recent_grade,grade_drop,past_failures,high_absences,indicator_count,review_suggested,performance_level
1,5,6,0,6,1,0,0,0,1,0,Low
2,5,5,0,4,1,0,0,0,1,0,Low
3,7,8,3,10,1,0,1,1,3,1,Average
4,15,14,0,2,0,0,0,0,0,0,High
5,6,10,0,4,0,0,0,0,0,0,Average
6,15,15,0,10,0,0,0,1,1,0,High
7,12,12,0,0,0,0,0,0,0,0,Average
8,6,5,0,6,1,0,0,0,1,0,Low
9,16,18,0,0,0,0,0,0,0,0,High
10,14,15,0,0,0,0,0,0,0,0,High
11,10,8,0,0,1,1,0,0,2,1,Low
12,10,12,0,4,0,0,0,0,0,0,Average
13,14,14,0,2,0,0,0,0,0,0,Average
14,10,10,0,2,0,0,0,0,0,0,Average
15,14,16,0,0,0,0,0,0,0,0,High
16,14,14,0,4,0,0,0,0,0,0,Average
17,13,14,0,6,0,0,0,0,0,0,Average
18,8,10,0,4,0,0,0,0,0,0,Average
19,6,5,3,16,1,0,1,1,3,1,Low
20,8,10,0,4,0,0,0,0,0,0,Average
21,13,14,0,0,0,0,0,0,0,0,High
22,12,15,0,0,0,0,0,0,0,0,High
23,15,15,0,2,0,0,0,0,0,0,High
24,13,13,0,0,0,0,0,0,0,0,Average
25,10,9,0,2,1,0,0,0,1,0,Low
26,6,9,2,14,1,0,1,1,3,1,Low
27,12,12,0,2,0,0,0,0,0,0,Average
28,15,16,0,4,0,0,0,0,0,0,High
29,11,11,0,4,0,0,0,0,0,0,Average
30,10,12,0,16,0,0,0,1,1,0,Average
31,9,11,0,0,0,0,0,0,0,0,Average
32,17,16,0,0,0,0,0,0,0,0,High
33,17,16,0,0,0,0,0,0,0,0,High
34,8,10,0,0,0,0,0,0,0,0,Average
35,12,14,0,0,0,0,0,0,0,0,High
36,8,7,0,0,1,0,0,0,1,0,Low
37,15,16,0,2,0,0,0,0,0,0,High
38,15,16,0,7,0,0,0,0,0,0,High
39,12,12,0,2,0,0,0,0,0,0,Average
40,14,13,0,8,0,0,0,0,0,0,Average
41,7,10,1,25,0,0,1,1,2,1,Average
42,12,12,0,8,0,0,0,0,0,0,Average
43,19,18,0,2,0,0,0,0,0,0,High
44,8,8,0,0,1,0,0,0,1,0,Average
45,10,10,1,14,0,0,1,1,2,1,Low
46,8,8,0,8,1,0,0,0,1,0,Low
47,11,12,0,12,0,0,0,1,1,0,Average
48,19,19,0,4,0,0,0,0,0,0,High
49,15,15,0,2,0,0,0,0,0,0,Average
50,7,7,1,2,1,0,1,0,2,1,Low
51,12,13,0,2,0,0,0,0,0,0,Average
52,11,13,0,2,0,0,0,0,0,0,Average
53,11,11,1,6,0,0,1,0,1,0,Average
54,8,10,0,0,0,0,0,0,0,0,Average
55,10,13,0,6,0,0,0,0,0,0,Average
56,8,9,0,8,1,0,0,0,1,0,Average
57,14,15,0,0,0,0,0,0,0,0,High
58,14,15,0,4,0,0,0,0,0,0,High
59,9,10,0,2,0,0,0,0,0,0,Low
60,15,16,0,2,0,0,0,0,0,0,High
61,10,11,0,6,0,0,0,0,0,0,Average
62,10,8,0,6,1,1,0,0,2,1,Average
63,8,10,0,4,0,0,0,0,0,0,Low
64,10,9,0,2,1,0,0,0,1,0,Low
65,10,10,0,0,0,0,0,0,0,0,Average
66,16,15,0,2,0,0,0,0,0,0,High
67,13,13,0,4,0,0,0,0,0,0,Average
68,7,7,0,4,1,0,0,0,1,0,Low
69,8,9,0,2,1,0,0,0,1,0,Low
70,16,16,0,12,0,0,0,1,1,0,High
71,13,15,0,0,0,0,0,0,0,0,High
72,10,10,0,0,0,0,0,0,0,0,Average
73,8,6,2,2,1,1,1,0,3,1,Low
74,12,12,0,2,0,0,0,0,0,0,Average
75,11,12,0,54,0,0,0,1,1,0,Average
76,9,9,0,6,1,0,0,0,1,0,Average
77,11,11,0,8,0,0,0,0,0,0,Average
78,11,11,0,0,0,0,0,0,0,0,Average
79,8,8,3,2,1,0,1,0,2,1,Average
80,5,5,0,12,1,0,0,1,2,1,Low
81,10,12,0,2,0,0,0,0,0,0,Average
82,11,10,0,4,0,0,0,0,0,0,Average
83,7,6,0,10,1,0,0,1,2,1,Low
84,15,15,0,4,0,0,0,0,0,0,High
85,9,10,0,2,0,0,0,0,0,0,Average
86,7,9,2,6,1,0,1,0,2,1,Low
87,8,7,0,4,1,0,0,0,1,0,Low
88,13,14,0,4,0,0,0,0,0,0,Average
89,11,10,1,12,0,0,1,1,2,1,Average
90,8,6,0,18,1,1,0,1,3,1,Low
91,7,7,0,0,1,0,0,0,1,0,Low
92,16,17,0,4,0,0,0,0,0,0,High
93,7,6,0,4,1,0,0,0,1,0,Low
94,11,10,0,0,0,0,0,0,0,0,Average
95,11,13,0,6,0,0,0,0,0,0,Average
96,7,10,1,2,0,0,1,0,1,0,Average
97,11,15,0,2,0,0,0,0,0,0,High
98,8,9,0,2,1,0,0,0,1,0,Average
99,11,14,0,6,0,0,0,0,0,0,Average
100,7,9,0,0,1,0,0,0,1,0,Low
101,7,7,0,14,1,0,0,1,2,1,Low
102,16,17,0,0,0,0,0,0,0,0,High
103,10,13,0,4,0,0,0,0,0,0,Average
104,7,6,0,26,1,0,0,1,2,1,Low
105,16,18,0,0,0,0,0,0,0,0,High
106,10,11,0,10,0,0,0,1,1,0,Average
107,7,8,0,8,1,0,0,0,1,0,Low
108,16,18,0,2,0,0,0,0,0,0,High
109,10,13,0,6,0,0,0,0,0,0,Average
110,14,15,0,4,0,0,0,0,0,0,High
111,18,19,0,6,0,0,0,0,0,0,High
112,7,10,1,0,0,0,1,0,1,0,Average
113,10,13,1,6,0,0,1,0,1,0,Average
114,18,19,0,10,0,0,0,1,1,0,High
115,9,9,0,8,1,0,0,0,1,0,Low
116,15,15,0,2,0,0,0,0,0,0,High
117,11,13,0,2,0,0,0,0,0,0,Average
118,13,14,0,0,0,0,0,0,0,0,Average
119,9,7,1,20,1,1,1,1,4,1,Low
120,14,13,0,6,0,0,0,0,0,0,Average
121,16,15,0,2,0,0,0,0,0,0,High
122,16,14,0,6,0,1,0,0,1,0,High
123,13,13,0,2,0,0,0,0,0,0,Average
124,14,11,0,18,0,1,0,1,2,1,Average
125,8,7,0,0,1,0,0,0,1,0,Low
126,13,13,0,0,0,0,0,0,0,0,Average
127,7,10,0,0,0,0,0,0,0,0,Average
128,7,8,3,2,1,0,1,0,2,1,Low
129,7,4,2,0,1,1,1,0,3,1,Low
130,18,18,0,8,0,0,0,0,0,0,High
131,12,0,2,0,1,1,1,0,3,1,Low
132,8,0,0,0,1,1,0,0,2,1,Low
133,10,13,0,12,0,0,0,1,1,0,Average
134,12,11,0,16,0,0,0,1,1,0,Average
135,9,0,0,0,1,1,0,0,2,1,Low
136,11,0,0,0,1,1,0,0,2,1,Low
137,10,0,0,0,1,1,0,0,2,1,Low
138,4,0,2,0,1,1,1,0,3,1,Low
139,14,12,1,0,0,1,1,0,2,1,Average
140,16,16,0,0,0,0,0,0,0,0,High
141,7,9,0,0,1,0,0,0,1,0,Low
142,9,9,2,8,1,0,1,0,2,1,Low
143,9,11,0,2,0,0,0,0,0,0,Average
144,14,14,0,2,0,0,0,0,0,0,Average
145,5,0,3,0,1,1,1,0,3,1,Low
146,8,11,0,0,0,0,0,0,0,0,Average
147,6,7,3,0,1,0,1,0,2,1,Low
148,10,11,0,2,0,0,0,0,0,0,Average
149,7,6,0,0,1,0,0,0,1,0,Low
150,8,9,3,0,1,0,1,0,2,1,Average
151,6,5,3,0,1,0,1,0,2,1,Low
152,12,13,1,6,0,0,1,0,1,0,Average
153,10,10,2,8,0,0,1,0,1,0,Average
154,5,0,3,0,1,1,1,0,3,1,Low
155,11,11,0,0,0,0,0,0,0,0,Average
156,11,8,0,2,1,1,0,0,2,1,Low
157,16,12,0,8,0,1,0,0,1,0,Average
158,9,8,3,6,1,0,1,0,2,1,Average
159,17,15,0,2,0,1,0,0,1,0,High
160,10,12,1,4,0,0,1,0,1,0,Average
161,7,6,2,0,1,0,1,0,2,1,Low
162,5,9,2,6,1,0,1,0,2,1,Low
163,7,0,1,0,1,1,1,0,3,1,Low
164,10,10,0,2,0,0,0,0,0,0,Average
165,5,8,3,0,1,0,1,0,2,1,Low
166,12,11,1,16,0,0,1,1,2,1,Average
167,10,10,0,4,0,0,0,0,0,0,Average
168,14,15,0,0,0,0,0,0,0,0,High
169,6,7,0,0,1,0,0,0,1,0,Low
170,14,14,0,0,0,0,0,0,0,0,Average
171,6,5,2,0,1,0,1,0,2,1,Low
172,13,15,0,2,0,0,0,0,0,0,High
173,13,11,0,0,0,1,0,0,1,0,Average
174,8,7,3,0,1,0,1,0,2,1,Low
175,10,11,0,4,0,0,0,0,0,0,Low
176,10,9,0,4,1,0,0,0,1,0,Low
177,13,13,0,2,0,0,0,0,0,0,Average
178,6,5,0,4,1,0,0,0,1,0,Low
179,10,8,0,10,1,1,0,1,3,1,Low
180,10,10,0,4,0,0,0,0,0,0,Average
181,9,8,0,10,1,0,0,1,2,1,Low
182,12,13,0,2,0,0,0,0,0,0,Average
183,16,17,0,0,0,0,0,0,0,0,High
184,9,9,0,56,1,0,0,1,2,1,Low
185,12,13,0,14,0,0,0,1,1,0,Average
186,12,12,0,12,0,0,0,1,1,0,Average
187,11,12,0,2,0,0,0,0,0,0,Average
188,15,15,0,0,0,0,0,0,0,0,High
189,8,7,0,6,1,0,0,0,1,0,Low
190,8,9,0,4,1,0,0,0,1,0,Average
191,11,12,0,10,0,0,0,1,1,0,Average
192,8,8,0,0,1,0,0,0,1,0,Low
193,7,8,0,12,1,0,0,1,2,1,Low
194,8,9,0,8,1,0,0,0,1,0,Average
195,13,14,0,0,0,0,0,0,0,0,Average
196,14,15,0,0,0,0,0,0,0,0,High
197,17,15,0,4,0,1,0,0,1,0,High
198,9,9,0,8,1,0,0,0,1,0,Average
199,18,18,1,24,0,0,1,1,2,1,High
200,9,9,0,0,1,0,0,0,1,0,Average
201,16,16,0,2,0,0,0,0,0,0,High
202,8,10,0,6,0,0,0,0,0,0,Average
203,9,9,0,4,1,0,0,0,1,0,Average
204,7,6,0,18,1,0,0,1,2,1,Low
205,10,10,0,6,0,0,0,0,0,0,Average
206,10,9,1,28,1,0,1,1,3,1,Low
207,7,7,3,5,1,0,1,0,2,1,Low
208,11,12,0,10,0,0,0,1,1,0,Average
209,9,9,0,6,1,0,0,0,1,0,Average
210,7,7,0,6,1,0,0,0,1,0,Low
211,8,8,0,10,1,0,0,1,2,1,Low
212,12,12,0,13,0,0,0,1,1,0,Average
213,12,13,0,0,0,0,0,0,0,0,Average
214,6,7,1,15,1,0,1,1,3,1,Low
215,8,10,0,12,0,0,0,1,1,0,Average
216,14,15,0,2,0,0,0,0,0,0,High
217,6,6,2,22,1,0,1,1,3,1,Low
218,6,6,1,13,1,0,1,1,3,1,Low
219,7,7,0,3,1,0,0,0,1,0,Low
220,9,10,0,4,0,0,0,0,0,0,Average
221,6,6,0,2,1,0,0,0,1,0,Low
222,6,5,1,0,1,0,1,0,2,1,Low
223,16,16,0,2,0,0,0,0,0,0,High
224,12,13,0,0,0,0,0,0,0,0,Average
225,13,13,0,0,0,0,0,0,0,0,Average
226,9,8,1,16,1,0,1,1,3,1,Low
227,16,15,0,10,0,0,0,1,1,0,High
228,12,11,0,2,0,0,0,0,0,0,Average
229,10,8,0,14,1,1,0,1,3,1,Low
230,12,10,0,10,0,1,0,1,2,1,Average
231,13,13,0,14,0,0,0,1,1,0,Average
232,11,11,0,4,0,0,0,0,0,0,Average
233,11,9,0,14,1,1,0,1,3,1,Low
234,14,13,0,2,0,0,0,0,0,0,Average
235,9,7,0,18,1,1,0,1,3,1,Low
236,11,9,0,10,1,1,0,1,3,1,Average
237,14,13,0,4,0,0,0,0,0,0,Average
238,13,12,0,20,0,0,0,1,1,0,Average
239,13,11,0,2,0,1,0,0,1,0,Average
240,7,7,1,0,1,0,1,0,2,1,Low
241,12,12,0,14,0,0,0,1,1,0,Average
242,10,11,0,2,0,0,0,0,0,0,Average
243,6,0,0,0,1,1,0,0,2,1,Low
244,13,12,0,0,0,0,0,0,0,0,Average
245,7,0,0,0,1,1,0,0,2,1,Low
246,18,18,0,6,0,0,0,0,0,0,High
247,12,12,0,4,0,0,0,0,0,0,Average
248,6,8,3,16,1,0,1,1,3,1,Low
249,3,5,1,8,1,0,1,0,2,1,Low
250,13,15,0,0,0,0,0,0,0,0,High
251,6,8,1,0,1,0,1,0,2,1,Low
252,7,10,0,6,0,0,0,0,0,0,Average
253,6,9,1,4,1,0,1,0,2,1,Low
254,8,9,0,0,1,0,0,0,1,0,Low
255,8,12,0,0,0,0,0,0,0,0,Average
256,7,9,1,2,1,0,1,0,2,1,Low
257,14,12,0,6,0,1,0,0,1,0,Average
258,11,11,0,12,0,0,0,1,1,0,Average
259,15,14,0,8,0,0,0,0,0,0,Average
260,10,9,0,0,1,0,0,0,1,0,Low
261,17,18,0,21,0,0,0,1,1,0,High
262,8,8,0,2,1,0,0,0,1,0,Low
263,13,12,0,1,0,0,0,0,0,0,Average
264,10,9,0,4,1,0,0,0,1,0,Low
265,9,10,0,0,0,0,0,0,0,0,Low
266,17,17,0,13,0,0,0,1,1,0,High
267,9,9,0,2,1,0,0,0,1,0,Average
268,12,10,0,8,0,1,0,0,1,0,Average
269,10,9,0,10,1,0,0,1,2,1,Average
270,6,0,0,0,1,1,0,0,2,1,Low
271,9,9,2,15,1,0,1,1,3,1,Low
272,15,14,0,4,0,0,0,0,0,0,Average
273,11,11,0,2,0,0,0,0,0,0,Average
274,15,14,0,2,0,0,0,0,0,0,Average
275,10,10,0,2,0,0,0,0,0,0,Average
276,12,12,0,6,0,0,0,0,0,0,Average
277,10,9,0,75,1,0,0,1,2,1,Low
278,9,9,0,22,1,0,0,1,2,1,Low
279,9,8,1,15,1,0,1,1,3,1,Low
280,10,11,0,8,0,0,0,0,0,0,Average
281,8,8,0,30,1,0,0,1,2,1,Low
282,11,9,1,19,1,1,1,1,4,1,Average
283,12,12,0,1,0,0,0,0,0,0,Average
284,8,9,0,4,1,0,0,0,1,0,Average
285,10,9,0,4,1,0,0,0,1,0,Average
286,12,10,0,2,0,1,0,0,1,0,Average
287,18,18,0,5,0,0,0,0,0,0,High
288,13,12,0,6,0,0,0,0,0,0,Average
289,15,14,0,6,0,0,0,0,0,0,Average
290,15,13,0,9,0,1,0,1,2,1,High
291,12,11,0,11,0,0,0,1,1,0,Average
292,15,15,0,0,0,0,0,0,0,0,High
293,12,12,1,12,0,0,1,1,2,1,Average
294,18,18,0,6,0,0,0,0,0,0,High
295,14,13,0,8,0,0,0,0,0,0,Average
296,14,12,0,4,0,1,0,0,1,0,Average
297,10,9,0,0,1,0,0,0,1,0,Low
298,10,8,0,10,1,1,0,1,3,1,Low
299,14,13,0,0,0,0,0,0,0,0,Average
300,16,15,0,5,0,0,0,0,0,0,High
301,12,10,0,14,0,1,0,1,2,1,Average
302,11,11,0,0,0,0,0,0,0,0,Average
303,15,12,0,0,0,1,0,0,1,0,Average
304,17,17,0,0,0,0,0,0,0,0,High
305,15,14,1,20,0,0,1,1,2,1,Average
306,14,12,1,8,0,1,1,0,2,1,Average
307,17,18,0,0,0,0,0,0,0,0,High
308,8,9,1,38,1,0,1,1,3,1,Low
309,15,12,1,0,0,1,1,0,2,1,Average
310,12,10,1,18,0,1,1,1,3,1,Average
311,9,9,1,0,1,0,1,0,2,1,Low
312,14,12,0,20,0,1,0,1,2,1,Average
313,13,11,1,3,0,1,1,0,2,1,Average
314,13,10,1,22,0,1,1,1,3,1,Average
315,15,13,2,14,0,1,1,1,3,1,Average
316,13,11,1,40,0,1,1,1,3,1,Average
317,8,8,0,0,1,0,0,0,1,0,Low
318,9,10,0,9,0,0,0,1,1,0,Low
319,11,11,0,0,0,0,0,0,0,0,Average
320,11,11,0,2,0,0,0,0,0,0,Average
321,13,13,0,23,0,0,0,1,1,0,Average
322,11,9,0,12,1,1,0,1,3,1,Low
323,11,11,0,3,0,0,0,0,0,0,Average
324,12,14,0,1,0,0,0,0,0,0,High
325,16,15,0,0,0,0,0,0,0,0,High
326,9,12,0,3,0,0,0,0,0,0,Average
327,14,15,0,3,0,0,0,0,0,0,High
328,11,10,0,8,0,0,0,0,0,0,Average
329,10,9,0,7,1,0,0,0,1,0,Low
330,14,14,0,4,0,0,0,0,0,0,Average
331,9,8,0,2,1,0,0,0,1,0,Low
332,12,14,0,7,0,0,0,0,0,0,Average
333,7,0,0,0,1,1,0,0,2,1,Low
334,8,8,0,0,1,0,0,0,1,0,Low
335,10,9,0,0,1,0,0,0,1,0,Low
336,16,15,0,16,0,0,0,1,1,0,High
337,14,13,1,12,0,0,1,1,2,1,Average
338,7,8,0,0,1,0,0,0,1,0,Low
339,16,15,0,7,0,0,0,0,0,0,High
340,9,10,0,4,0,0,0,0,0,0,Average
341,11,12,1,4,0,0,1,0,1,0,Average
342,10,10,1,0,0,0,1,0,1,0,Low
343,16,15,0,11,0,0,0,1,1,0,High
344,9,8,1,0,1,0,1,0,2,1,Low
345,11,10,0,4,0,0,0,0,0,0,Average
346,13,13,0,7,0,0,0,0,0,0,Average
347,16,15,0,9,0,0,0,1,1,0,High
348,10,10,0,0,0,0,0,0,0,0,Low
349,13,15,0,0,0,0,0,0,0,0,High
350,11,13,1,10,0,0,1,1,2,1,Average
351,8,7,3,8,1,0,1,0,2,1,Low
352,13,13,0,2,0,0,0,0,0,0,Average
353,8,7,1,7,1,0,1,0,2,1,Low
354,8,8,1,4,1,0,1,0,2,1,Low
355,13,11,0,4,0,1,0,0,1,0,Average
356,10,9,0,0,1,0,0,0,1,0,Low
357,12,13,0,4,0,0,0,0,0,0,Average
358,12,12,0,2,0,0,0,0,0,0,Average
359,10,10,0,4,0,0,0,0,0,0,Average
360,18,16,0,0,0,1,0,0,1,0,High
361,13,13,0,0,0,0,0,0,0,0,Average
362,13,12,1,2,0,0,1,0,1,0,Average
363,11,11,0,0,0,0,0,0,0,0,Average
364,16,15,0,0,0,0,0,0,0,0,High
365,12,11,0,0,0,0,0,0,0,0,Average
366,10,10,0,4,0,0,0,0,0,0,Average
367,13,13,0,0,0,0,0,0,0,0,Average
368,7,6,1,0,1,0,1,0,2,1,Low
369,11,10,0,0,0,0,0,0,0,0,Average
370,14,12,0,10,0,1,0,1,2,1,Average
371,7,7,2,4,1,0,1,0,2,1,Low
372,14,12,0,3,0,1,0,0,1,0,Average
373,13,11,0,8,0,1,0,0,1,0,Average
374,6,5,0,14,1,0,0,1,2,1,Low
375,19,18,0,0,0,0,0,0,0,0,High
376,8,8,0,2,1,0,0,0,1,0,Average
377,15,14,2,4,0,0,1,0,1,0,High
378,8,9,0,4,1,0,0,0,1,0,Average
379,15,15,0,0,0,0,0,0,0,0,High
380,10,10,0,17,0,0,0,1,1,0,Average
381,15,14,0,4,0,0,0,0,0,0,Average
382,7,6,0,5,1,0,0,0,1,0,Low
383,11,11,0,2,0,0,0,0,0,0,Average
384,6,5,1,0,1,0,1,0,2,1,Low
385,6,5,1,14,1,0,1,1,3,1,Low
386,10,9,0,2,1,0,0,0,1,0,Average
387,6,5,0,7,1,0,0,0,1,0,Low
388,7,5,1,0,1,1,1,0,3,1,Low
389,7,9,0,0,1,0,0,0,1,0,Low
390,6,5,1,0,1,0,1,0,2,1,Low
391,9,9,2,11,1,0,1,1,3,1,Low
392,14,16,0,3,0,0,0,0,0,0,High
393,10,8,3,3,1,1,1,0,3,1,Low
394,11,12,0,0,0,0,0,0,0,0,Average
395,8,9,0,5,1,0,0,0,1,0,Low
